model_name,accuracy_score,f1_score,roc_auc_score,precision_score,recall_score,train_duration,test_duration
DecisionTreeClassifier,0.9904166666666666,0.9904166666666666,0.9956702674897119,0.9904166666666666,0.9904166666666666,1.40999174118042,1.1936671733856201
RandomForestClassifier,0.9591666666666666,0.9591666666666666,0.9594727366255145,0.9591666666666666,0.9591666666666666,11.910015344619751,1.3502600193023682
LogisticRegression,0.84625,0.84625,0.8869537037037037,0.84625,0.84625,77.61049485206604,1.1950592994689941
GaussianNB,0.3859722222222222,0.38597222222222227,0.800398148148148,0.3859722222222222,0.3859722222222222,0.1927785873413086,1.184128761291504
SGDClassifier,0.8155555555555556,0.8155555555555555,0.8525036008230453,0.8155555555555556,0.8155555555555556,2.1933743953704834,1.3172857761383057
SVC,0.9228472222222223,0.9228472222222223,0.9325010288065845,0.9228472222222223,0.9228472222222223,172.1008448600769,29.10487461090088
XGBClassifier,0.9949305555555555,0.9949305555555555,0.9952186213991769,0.9949305555555555,0.9949305555555555,538.8951418399811,1.758481502532959
AdaBoostClassifier,0.9956944444444444,0.9956944444444444,0.9957520576131687,0.9956944444444444,0.9956944444444444,87.0919406414032,1.679992914199829
