,duration,type,packet,byte
count,129600.0,129600.0,129600.0,129600.0
mean,3.483527337962963,9.797515432098766,13.398734567901235,7571.241319444444
std,28.671107732805243,21.355954166694712,648.2179545620304,444676.19501201116
min,0.0,0.0,1.0,28.0
25%,0.0,0.0,1.0,69.0
50%,0.0,0.0,2.0,197.0
75%,1.056,0.0,6.0,686.0
max,2691.891,224.0,178011.0,85625660.0
