,duration,type,packet,byte
count,1296000.0,1296000.0,1296000.0,1296000.0
mean,3.4309016574074085,9.819109567901235,19.803746913580248,16395.470962191357
std,27.821903812348815,21.413287917320094,3191.558511692532,4495345.645954596
min,0.0,0.0,1.0,27.0
25%,0.0,0.0,1.0,69.0
50%,0.0,0.0,2.0,196.0
75%,1.036,0.0,6.0,683.0
max,2691.891,252.0,1791858.0,2621445106.0
