,duration,type,packet,byte
count,12960000.0,12960000.0,12960000.0,12960000.0
mean,3.4484258189814776,9.813649151234568,14.753972299382717,9959.531181558643
std,28.399293178863218,21.36856621167216,1968.9601634349049,2581692.1844543647
min,0.0,0.0,1.0,27.0
25%,0.0,0.0,1.0,69.0
50%,0.0,0.0,2.0,196.0
75%,1.036,0.0,6.0,683.0
max,2691.891,252.0,1816918.0,2658148501.0
